[
  {
    "value": "Merlin, Assassin, Percival, Morgana",
    "synonyms": [
      "Merlin, Assassin, Percival, Morgana",
      "Fab 4"
    ]
  },
  {
    "value": "Merlin, Assassin",
    "synonyms": [
      "Merlin, Assassin",
      "Basic"
    ]
  },
  {
    "value": "Merlin, Assassin, Percival, Morgana, Mordred, Oberon",
    "synonyms": [
      "Merlin, Assassin, Percival, Morgana, Mordred, Oberon",
      "Complete",
      "Full"
    ]
  },
  {
    "value": "Merlin, Mordred, Oberon",
    "synonyms": [
      "Merlin, Mordred, Oberon",
      "Chaos"
    ]
  },
  {
    "value": "Merlin, Percival, Assassin, Mordred",
    "synonyms": [
      "Merlin, Percival, Assassin, Mordred",
      "Shroud"
    ]
  }
]