[
  {
    "value": "Merlin",
    "synonyms": [
      "Merlin"
    ]
  },
  {
    "value": "Assassin",
    "synonyms": [
      "Assassin"
    ]
  },
  {
    "value": "Morgana",
    "synonyms": [
      "Morgana"
    ]
  },
  {
    "value": "Percival",
    "synonyms": [
      "Percival"
    ]
  },
  {
    "value": "Oberon",
    "synonyms": []
  },
  {
    "value": "Mordred",
    "synonyms": []
  },
  {
    "value": "@sys.number-integer VTs",
    "synonyms": []
  },
  {
    "value": "@sys..number-integer vanilla town",
    "synonyms": []
  },
  {
    "value": "@sys.number-integer generic good",
    "synonyms": []
  },
  {
    "value": "@sys.number-integer vanilla evil",
    "synonyms": []
  },
  {
    "value": "@sys.number-integer generic bad",
    "synonyms": []
  }
]