[
  {
    "id": "88d96c19-57d8-4576-9342-7b640f8b94e2",
    "data": [
      {
        "text": "nope",
        "userDefined": false
      }
    ],
    "isTemplate": false,
    "count": 0
  },
  {
    "id": "e1cfd2d3-8f34-4245-a93a-5d3542a74235",
    "data": [
      {
        "text": "no",
        "userDefined": false
      }
    ],
    "isTemplate": false,
    "count": 0
  },
  {
    "id": "ef14e55b-aa48-4c3a-8d6b-05ef18782a91",
    "data": [
      {
        "text": "cancel",
        "userDefined": false
      }
    ],
    "isTemplate": false,
    "count": 0,
    "updated": 0
  },
  {
    "id": "e976fe08-d5c6-44cf-954a-e9d913f7d030",
    "data": [
      {
        "text": "stop it",
        "userDefined": false
      }
    ],
    "isTemplate": false,
    "count": 0,
    "updated": 0
  },
  {
    "id": "74b5ee87-57de-46c2-a958-f30dd2098a6a",
    "data": [
      {
        "text": "never mind",
        "userDefined": false
      }
    ],
    "isTemplate": false,
    "count": 0,
    "updated": 0
  },
  {
    "id": "e266bf2d-88de-437d-8cd8-de5574cd102e",
    "data": [
      {
        "text": "just forget about it",
        "userDefined": false
      }
    ],
    "isTemplate": false,
    "count": 1,
    "updated": 0
  },
  {
    "id": "222b962e-3d7e-4f63-88b0-9a0964dd8306",
    "data": [
      {
        "text": "skip",
        "userDefined": false
      }
    ],
    "isTemplate": false,
    "count": 2,
    "updated": 0
  },
  {
    "id": "5b1e197c-4a96-426e-8416-bc843314ca4c",
    "data": [
      {
        "text": "cancel that",
        "userDefined": false
      }
    ],
    "isTemplate": false,
    "count": 5,
    "updated": 0
  },
  {
    "id": "5da89c79-c2e0-43ac-b6cd-fe5c954e3993",
    "data": [
      {
        "text": "dismiss",
        "userDefined": false
      }
    ],
    "isTemplate": false,
    "count": 0,
    "updated": 0
  },
  {
    "id": "19fad9db-323f-49cf-877e-d2bef142b8e0",
    "data": [
      {
        "text": "do nothing",
        "userDefined": false
      }
    ],
    "isTemplate": false,
    "count": 0,
    "updated": 0
  },
  {
    "id": "ccbea5aa-511a-48f7-a068-2745215f9f0b",
    "data": [
      {
        "text": "forget that",
        "userDefined": false
      }
    ],
    "isTemplate": false,
    "count": 0,
    "updated": 0
  },
  {
    "id": "687dbd34-9106-4ed9-b4ae-5a5d7b7e375a",
    "data": [
      {
        "text": "stop",
        "userDefined": false
      }
    ],
    "isTemplate": false,
    "count": 3,
    "updated": 0
  }
]