[
  {
    "id": "9034ab42-3d94-4c27-aec4-5bf52b8fc8a5",
    "data": [
      {
        "text": "Narrate for ",
        "userDefined": false
      },
      {
        "text": "5",
        "alias": "players",
        "meta": "@sys.number",
        "userDefined": false
      },
      {
        "text": " player ",
        "userDefined": false
      },
      {
        "text": "Fab 4",
        "alias": "avalon-set",
        "meta": "@avalon-set",
        "userDefined": false
      },
      {
        "text": " ",
        "userDefined": false
      },
      {
        "text": "Avalon",
        "alias": "game",
        "meta": "@game",
        "userDefined": false
      }
    ],
    "isTemplate": false,
    "count": 1
  },
  {
    "id": "3d0e3a7f-02a9-4457-9a28-b1381a2775fd",
    "data": [
      {
        "text": "Narrate for ",
        "userDefined": false
      },
      {
        "text": "5",
        "alias": "players",
        "meta": "@sys.number",
        "userDefined": false
      },
      {
        "text": " player ",
        "userDefined": false
      },
      {
        "text": "Avalon",
        "alias": "game",
        "meta": "@game",
        "userDefined": false
      },
      {
        "text": " with ",
        "userDefined": false
      },
      {
        "text": "chaos",
        "alias": "avalon-set",
        "meta": "@avalon-set",
        "userDefined": false
      },
      {
        "text": " set",
        "userDefined": false
      }
    ],
    "isTemplate": false,
    "count": 0
  },
  {
    "id": "e6359c35-eff0-4065-9fa8-30c00a910c1a",
    "data": [
      {
        "text": "Narrate for ",
        "userDefined": false
      },
      {
        "text": "Avalon",
        "alias": "game",
        "meta": "@game",
        "userDefined": false
      },
      {
        "text": " with ",
        "userDefined": false
      },
      {
        "text": "8",
        "alias": "players",
        "meta": "@sys.number",
        "userDefined": false
      }
    ],
    "isTemplate": false,
    "count": 1
  },
  {
    "id": "250fdae5-ec76-4d15-ad8c-10304df527d2",
    "data": [
      {
        "text": "Set up a game of ",
        "userDefined": false
      },
      {
        "text": "Secret Hitler",
        "alias": "game",
        "meta": "@game",
        "userDefined": false
      },
      {
        "text": " for ",
        "userDefined": false
      },
      {
        "text": "8",
        "alias": "players",
        "meta": "@sys.number",
        "userDefined": false
      }
    ],
    "isTemplate": false,
    "count": 0
  },
  {
    "id": "9010675a-6022-498e-8182-7c0a20dbb294",
    "data": [
      {
        "text": "Avalon",
        "alias": "game",
        "meta": "@game",
        "userDefined": false
      },
      {
        "text": " for ",
        "userDefined": false
      },
      {
        "text": "7",
        "alias": "players",
        "meta": "@sys.number",
        "userDefined": false
      }
    ],
    "isTemplate": false,
    "count": 1,
    "updated": 1513545987
  },
  {
    "id": "4d439faa-d870-4b37-a360-194a6627a3eb",
    "data": [
      {
        "text": "5",
        "alias": "players",
        "meta": "@sys.number",
        "userDefined": false
      },
      {
        "text": " player ",
        "userDefined": false
      },
      {
        "text": "Resistance",
        "alias": "game",
        "meta": "@game",
        "userDefined": false
      }
    ],
    "isTemplate": false,
    "count": 0,
    "updated": 1513545987
  },
  {
    "id": "80cde5f3-4caa-4c6a-a653-fcd7a41d8e66",
    "data": [
      {
        "text": "I\u0027d like to play an ",
        "userDefined": false
      },
      {
        "text": "8",
        "alias": "players",
        "meta": "@sys.number",
        "userDefined": false
      },
      {
        "text": " player game of ",
        "userDefined": false
      },
      {
        "text": "Secret Hitler",
        "alias": "game",
        "meta": "@game",
        "userDefined": true
      },
      {
        "text": " with ",
        "userDefined": false
      },
      {
        "text": "Joker",
        "alias": "joker",
        "meta": "@joker",
        "userDefined": true
      },
      {
        "text": " included",
        "userDefined": false
      }
    ],
    "isTemplate": false,
    "count": 0,
    "updated": 1513545987
  },
  {
    "id": "0bcaee52-a373-4626-9738-950e2a8299b3",
    "data": [
      {
        "text": "Let\u0027s play an ",
        "userDefined": false
      },
      {
        "text": "8",
        "alias": "players",
        "meta": "@sys.number",
        "userDefined": false
      },
      {
        "text": " player game of ",
        "userDefined": false
      },
      {
        "text": "Avalon",
        "alias": "game",
        "meta": "@game",
        "userDefined": false
      }
    ],
    "isTemplate": false,
    "count": 0,
    "updated": 1513545987
  }
]